               epoch,      train/box_loss,      train/obj_loss,      train/cls_loss,   metrics/precision,      metrics/recall,     metrics/mAP_0.5,metrics/mAP_0.5:0.95,        val/box_loss,        val/obj_loss,        val/cls_loss,               x/lr0,               x/lr1,               x/lr2
                   0,            0.099515,            0.041478,                   0,             0.13389,            0.097513,            0.040709,            0.008492,            0.083536,            0.070636,                   0,           0.0033223,           0.0033223,              0.0701
                   1,            0.073652,            0.037547,                   0,             0.44016,             0.38087,             0.32992,            0.098004,            0.066482,            0.049502,                   0,           0.0066336,           0.0066336,            0.040078
                   2,              0.0646,            0.030194,                   0,             0.31736,             0.21084,             0.18047,            0.057885,            0.074365,             0.05525,                   0,            0.009923,            0.009923,            0.010034
                   3,            0.056954,            0.026027,                   0,             0.78207,             0.57732,             0.67779,             0.31355,             0.05173,            0.036764,                   0,            0.009901,            0.009901,            0.009901
                   4,            0.050893,            0.023554,                   0,             0.76586,             0.60407,             0.68186,             0.29761,            0.051813,            0.036543,                   0,            0.009901,            0.009901,            0.009901
                   5,            0.048324,            0.022881,                   0,             0.83361,             0.61566,             0.72094,             0.34889,            0.050458,            0.036691,                   0,            0.009868,            0.009868,            0.009868
                   6,            0.045962,            0.022148,                   0,             0.81487,             0.67824,             0.76705,              0.3783,            0.047375,            0.032815,                   0,            0.009835,            0.009835,            0.009835
                   7,            0.044227,            0.021487,                   0,             0.85069,             0.70373,             0.79397,             0.42664,             0.04475,            0.030662,                   0,            0.009802,            0.009802,            0.009802
                   8,            0.043443,            0.020984,                   0,             0.84988,             0.66166,             0.75955,             0.41078,            0.045556,            0.033227,                   0,            0.009769,            0.009769,            0.009769
                   9,            0.042138,            0.020616,                   0,             0.86546,             0.64607,             0.75994,             0.41942,            0.045136,            0.035417,                   0,            0.009736,            0.009736,            0.009736
                  10,            0.041274,            0.020464,                   0,             0.85077,             0.66684,              0.7723,             0.42665,            0.044869,             0.03272,                   0,            0.009703,            0.009703,            0.009703
                  11,            0.040706,            0.020128,                   0,             0.85164,             0.70564,             0.80911,             0.45724,             0.04288,            0.031493,                   0,             0.00967,             0.00967,             0.00967
                  12,            0.040177,            0.019962,                   0,             0.83026,             0.69623,             0.79414,             0.43637,            0.043634,             0.03095,                   0,            0.009637,            0.009637,            0.009637
                  13,            0.039512,            0.019792,                   0,             0.86135,              0.6783,             0.79254,             0.45183,            0.042882,            0.031405,                   0,            0.009604,            0.009604,            0.009604
                  14,            0.039465,            0.019714,                   0,             0.87476,             0.70161,             0.82144,             0.45223,             0.04271,            0.029262,                   0,            0.009571,            0.009571,            0.009571
                  15,            0.038965,            0.019522,                   0,             0.85494,              0.7315,             0.83814,             0.48464,            0.041032,            0.028671,                   0,            0.009538,            0.009538,            0.009538
                  16,            0.038328,             0.01892,                   0,             0.87608,             0.71158,             0.81818,             0.46836,            0.041819,             0.02996,                   0,            0.009505,            0.009505,            0.009505
                  17,            0.037919,            0.018921,                   0,             0.89585,             0.68537,             0.81502,             0.46742,            0.042212,            0.029639,                   0,            0.009472,            0.009472,            0.009472
                  18,            0.038025,            0.018843,                   0,             0.86658,              0.7213,             0.83097,             0.48059,            0.041843,            0.029509,                   0,            0.009439,            0.009439,            0.009439
                  19,            0.037651,            0.018822,                   0,              0.8904,             0.70726,             0.82972,             0.47553,            0.041581,            0.029501,                   0,            0.009406,            0.009406,            0.009406
                  20,            0.037264,            0.018826,                   0,             0.88129,              0.7346,             0.83586,              0.4861,            0.041619,            0.028424,                   0,            0.009373,            0.009373,            0.009373
                  21,            0.036834,            0.018782,                   0,             0.86332,             0.72407,             0.83275,             0.47846,            0.041005,            0.029464,                   0,             0.00934,             0.00934,             0.00934
                  22,            0.036562,            0.018601,                   0,             0.85815,             0.74791,             0.84745,             0.49596,            0.040138,            0.028397,                   0,            0.009307,            0.009307,            0.009307
                  23,             0.03652,            0.018335,                   0,             0.86298,             0.74273,             0.84461,               0.489,            0.040235,             0.02797,                   0,            0.009274,            0.009274,            0.009274
                  24,             0.03597,            0.018268,                   0,             0.87568,             0.73635,              0.8497,             0.49186,            0.040259,            0.028581,                   0,            0.009241,            0.009241,            0.009241
                  25,            0.035867,            0.018333,                   0,             0.88366,             0.71587,             0.84053,             0.49486,            0.039824,            0.029067,                   0,            0.009208,            0.009208,            0.009208
                  26,            0.035637,             0.01809,                   0,             0.86091,             0.75488,              0.8505,             0.49501,            0.040484,            0.027932,                   0,            0.009175,            0.009175,            0.009175
                  27,            0.035509,            0.018081,                   0,              0.8726,             0.75025,             0.85838,             0.50024,            0.039699,            0.027929,                   0,            0.009142,            0.009142,            0.009142
                  28,            0.035346,            0.018094,                   0,             0.87164,             0.73051,             0.84349,              0.5031,            0.039866,            0.028801,                   0,            0.009109,            0.009109,            0.009109
                  29,             0.03533,            0.018049,                   0,             0.87289,             0.72958,             0.84136,             0.49549,            0.039343,             0.02844,                   0,            0.009076,            0.009076,            0.009076
                  30,            0.035507,            0.018322,                   0,              0.8869,             0.75755,             0.86671,             0.51229,            0.039066,            0.026911,                   0,            0.009043,            0.009043,            0.009043
                  31,            0.035059,            0.017908,                   0,              0.8683,             0.74226,             0.85286,             0.50295,            0.039075,            0.028757,                   0,             0.00901,             0.00901,             0.00901
                  32,            0.035157,            0.018056,                   0,             0.87697,             0.74497,             0.85977,             0.50688,             0.03883,            0.027793,                   0,            0.008977,            0.008977,            0.008977
                  33,            0.035456,            0.018122,                   0,             0.85171,             0.74878,             0.84971,             0.50463,            0.038712,            0.029199,                   0,            0.008944,            0.008944,            0.008944
                  34,            0.034631,            0.017411,                   0,              0.8803,              0.7317,             0.85202,             0.50873,            0.038483,            0.028311,                   0,            0.008911,            0.008911,            0.008911
                  35,            0.034543,             0.01804,                   0,             0.89605,             0.72359,             0.85081,             0.50846,            0.038471,            0.027749,                   0,            0.008878,            0.008878,            0.008878
                  36,            0.034666,            0.017653,                   0,             0.88466,             0.75247,             0.86749,             0.51781,            0.038401,            0.027187,                   0,            0.008845,            0.008845,            0.008845
                  37,            0.034475,            0.017532,                   0,             0.87293,             0.75792,              0.8645,             0.51646,             0.03835,            0.027468,                   0,            0.008812,            0.008812,            0.008812
                  38,            0.034523,            0.017447,                   0,             0.88863,              0.7422,             0.86352,             0.51643,            0.038511,            0.027138,                   0,            0.008779,            0.008779,            0.008779
                  39,            0.034241,             0.01747,                   0,             0.88788,             0.75156,             0.86576,             0.51801,            0.038421,            0.027215,                   0,            0.008746,            0.008746,            0.008746
                  40,            0.033863,             0.01754,                   0,             0.86365,             0.76462,              0.8689,             0.52465,            0.037859,            0.027037,                   0,            0.008713,            0.008713,            0.008713
                  41,            0.034038,            0.017342,                   0,             0.89638,             0.73644,             0.86006,             0.51771,            0.038135,            0.027442,                   0,             0.00868,             0.00868,             0.00868
                  42,            0.033917,            0.017342,                   0,              0.8611,             0.76318,             0.86355,             0.51806,             0.03807,            0.027844,                   0,            0.008647,            0.008647,            0.008647
                  43,            0.033685,            0.017434,                   0,              0.8727,             0.74174,              0.8556,             0.51615,             0.03787,             0.02786,                   0,            0.008614,            0.008614,            0.008614
                  44,            0.033858,            0.017331,                   0,             0.86981,             0.75517,             0.86403,              0.5195,            0.037806,             0.02738,                   0,            0.008581,            0.008581,            0.008581
                  45,             0.03365,            0.017177,                   0,             0.86165,             0.74718,             0.85464,             0.51484,            0.038173,            0.028115,                   0,            0.008548,            0.008548,            0.008548
                  46,            0.033567,            0.017346,                   0,             0.86497,             0.76977,             0.87225,             0.52805,            0.037315,            0.027189,                   0,            0.008515,            0.008515,            0.008515
                  47,             0.03351,             0.01739,                   0,              0.8498,             0.76844,             0.86588,             0.52591,            0.037664,            0.027537,                   0,            0.008482,            0.008482,            0.008482
                  48,            0.033353,            0.017286,                   0,             0.86929,              0.7565,             0.86325,              0.5251,            0.037558,            0.028192,                   0,            0.008449,            0.008449,            0.008449
                  49,             0.03356,            0.017052,                   0,             0.88506,             0.73893,              0.8621,             0.52734,            0.037465,            0.027618,                   0,            0.008416,            0.008416,            0.008416
                  50,            0.033035,            0.016708,                   0,              0.8789,             0.75854,             0.87148,              0.5275,            0.037634,            0.027051,                   0,            0.008383,            0.008383,            0.008383
                  51,            0.033165,             0.01701,                   0,             0.88673,             0.75313,             0.87087,             0.52939,            0.037533,            0.026858,                   0,             0.00835,             0.00835,             0.00835
                  52,            0.032871,            0.017079,                   0,             0.86575,             0.74197,              0.8624,             0.52724,            0.037387,            0.027367,                   0,            0.008317,            0.008317,            0.008317
                  53,            0.032931,            0.017038,                   0,             0.87627,             0.75762,             0.86716,             0.52887,             0.03714,            0.027308,                   0,            0.008284,            0.008284,            0.008284
                  54,            0.032815,            0.017011,                   0,             0.87773,             0.74702,             0.86156,             0.52444,            0.037333,            0.027793,                   0,            0.008251,            0.008251,            0.008251
                  55,            0.032806,            0.017121,                   0,             0.89273,             0.75478,             0.87043,             0.53411,            0.036774,            0.026754,                   0,            0.008218,            0.008218,            0.008218
                  56,            0.032734,            0.016871,                   0,              0.8849,             0.74433,             0.86026,             0.52485,            0.037031,            0.027668,                   0,            0.008185,            0.008185,            0.008185
                  57,            0.032331,            0.016792,                   0,             0.88158,             0.75362,             0.86512,              0.5265,            0.037069,            0.027256,                   0,            0.008152,            0.008152,            0.008152
                  58,            0.032742,            0.016818,                   0,             0.89324,             0.73518,             0.86254,             0.52908,             0.03782,            0.027327,                   0,            0.008119,            0.008119,            0.008119
                  59,            0.032785,            0.016792,                   0,             0.85762,             0.76284,             0.86605,             0.53283,            0.036905,            0.027531,                   0,            0.008086,            0.008086,            0.008086
                  60,            0.032239,              0.0166,                   0,             0.86113,             0.76558,             0.86991,             0.53391,            0.036654,            0.027314,                   0,            0.008053,            0.008053,            0.008053
                  61,            0.032329,            0.016816,                   0,             0.88572,             0.75402,             0.86668,             0.52987,            0.037063,            0.027072,                   0,             0.00802,             0.00802,             0.00802
                  62,            0.032298,            0.016521,                   0,             0.87955,             0.74418,             0.86317,             0.52857,            0.036642,            0.027535,                   0,            0.007987,            0.007987,            0.007987
                  63,            0.032293,             0.01658,                   0,             0.87641,             0.76055,             0.86951,             0.53241,            0.036472,            0.026883,                   0,            0.007954,            0.007954,            0.007954
                  64,            0.032119,            0.016692,                   0,             0.86024,             0.77196,             0.86969,             0.53854,            0.036599,            0.027362,                   0,            0.007921,            0.007921,            0.007921
                  65,            0.032091,            0.016497,                   0,              0.8917,             0.74355,             0.86513,             0.53373,            0.036538,            0.027285,                   0,            0.007888,            0.007888,            0.007888
                  66,            0.031763,            0.016515,                   0,              0.8898,             0.75191,             0.87124,             0.53648,            0.036494,            0.027536,                   0,            0.007855,            0.007855,            0.007855
                  67,            0.031823,            0.016581,                   0,             0.88748,              0.7532,             0.86971,             0.53611,            0.036045,            0.027483,                   0,            0.007822,            0.007822,            0.007822
                  68,            0.031597,            0.016107,                   0,             0.88666,             0.75349,              0.8739,             0.53784,            0.036072,            0.027479,                   0,            0.007789,            0.007789,            0.007789
                  69,            0.031911,            0.016457,                   0,             0.88197,             0.75204,             0.86888,             0.53765,            0.036167,            0.027549,                   0,            0.007756,            0.007756,            0.007756
                  70,            0.031726,            0.016381,                   0,             0.86059,             0.76924,             0.87097,             0.53659,            0.036157,            0.027061,                   0,            0.007723,            0.007723,            0.007723
                  71,            0.031723,            0.016486,                   0,             0.88435,             0.75826,             0.87284,             0.54076,            0.035875,            0.026998,                   0,             0.00769,             0.00769,             0.00769
                  72,            0.031644,            0.016448,                   0,             0.87571,             0.76711,             0.87606,             0.54129,            0.035771,            0.026945,                   0,            0.007657,            0.007657,            0.007657
                  73,            0.031373,            0.016434,                   0,              0.8869,             0.76496,             0.87592,             0.54177,            0.035549,            0.026782,                   0,            0.007624,            0.007624,            0.007624
                  74,             0.03134,            0.015953,                   0,             0.87339,             0.76416,             0.87588,             0.54266,            0.036028,            0.027015,                   0,            0.007591,            0.007591,            0.007591
                  75,            0.031299,            0.016005,                   0,             0.89545,             0.75653,              0.8782,             0.54273,            0.035681,            0.026418,                   0,            0.007558,            0.007558,            0.007558
                  76,            0.031208,            0.016066,                   0,             0.88207,             0.77179,             0.88263,             0.54656,            0.035516,            0.026502,                   0,            0.007525,            0.007525,            0.007525
                  77,            0.031401,            0.016216,                   0,             0.87747,             0.76806,             0.87807,             0.54565,            0.035509,            0.026662,                   0,            0.007492,            0.007492,            0.007492
                  78,            0.031194,            0.016218,                   0,              0.8808,             0.76971,             0.88258,             0.54736,            0.035398,            0.026529,                   0,            0.007459,            0.007459,            0.007459
                  79,            0.031235,             0.01628,                   0,              0.8574,             0.78206,             0.87535,             0.54373,            0.035739,            0.026676,                   0,            0.007426,            0.007426,            0.007426
                  80,            0.030898,            0.016463,                   0,             0.88755,              0.7636,             0.87689,             0.54465,            0.035515,            0.026838,                   0,            0.007393,            0.007393,            0.007393
                  81,            0.031084,            0.016156,                   0,             0.88654,             0.76218,             0.87712,             0.54645,            0.035643,            0.027089,                   0,             0.00736,             0.00736,             0.00736
                  82,            0.031185,            0.016252,                   0,             0.88669,             0.76619,             0.88032,             0.54842,            0.035632,            0.026422,                   0,            0.007327,            0.007327,            0.007327
                  83,            0.030959,            0.015882,                   0,             0.89678,             0.76343,             0.88269,             0.54743,            0.035328,            0.026698,                   0,            0.007294,            0.007294,            0.007294
                  84,            0.030978,            0.016123,                   0,             0.89487,             0.75286,             0.87599,             0.54574,            0.035351,            0.027276,                   0,            0.007261,            0.007261,            0.007261
                  85,            0.030965,            0.015876,                   0,              0.8942,             0.76139,             0.88057,             0.55024,            0.035424,            0.026909,                   0,            0.007228,            0.007228,            0.007228
                  86,            0.030882,            0.015887,                   0,              0.8857,             0.76881,             0.87621,              0.5465,            0.035552,            0.026931,                   0,            0.007195,            0.007195,            0.007195
                  87,            0.030794,            0.015981,                   0,             0.89929,             0.75382,             0.87539,             0.54743,            0.035351,            0.027188,                   0,            0.007162,            0.007162,            0.007162
                  88,            0.030782,            0.015749,                   0,             0.88925,             0.76651,             0.88023,             0.54661,            0.035181,             0.02674,                   0,            0.007129,            0.007129,            0.007129
                  89,            0.030694,            0.015677,                   0,             0.88568,             0.76581,             0.87703,             0.54641,            0.035182,            0.026999,                   0,            0.007096,            0.007096,            0.007096
                  90,            0.030903,            0.015937,                   0,             0.90391,             0.75326,             0.87979,             0.54956,            0.035167,             0.02683,                   0,            0.007063,            0.007063,            0.007063
                  91,            0.030491,            0.016048,                   0,             0.87634,             0.77271,             0.87844,              0.5491,            0.035254,            0.026819,                   0,             0.00703,             0.00703,             0.00703
                  92,            0.030358,            0.015675,                   0,             0.87245,             0.77519,              0.8824,             0.55042,            0.035222,            0.026904,                   0,            0.006997,            0.006997,            0.006997
                  93,             0.03033,            0.015612,                   0,             0.87599,             0.77329,             0.88045,             0.55073,            0.035049,            0.026949,                   0,            0.006964,            0.006964,            0.006964
                  94,            0.030845,             0.01594,                   0,             0.87786,             0.77109,              0.8791,             0.55101,            0.035031,            0.026746,                   0,            0.006931,            0.006931,            0.006931
                  95,            0.030443,             0.01578,                   0,             0.88353,             0.77354,               0.882,             0.55196,            0.035003,            0.026782,                   0,            0.006898,            0.006898,            0.006898
                  96,            0.030554,            0.015652,                   0,             0.88058,             0.77433,             0.88048,             0.55281,            0.034799,            0.026827,                   0,            0.006865,            0.006865,            0.006865
                  97,            0.030163,            0.016003,                   0,             0.88709,             0.77364,             0.88348,             0.55385,            0.034946,            0.026501,                   0,            0.006832,            0.006832,            0.006832
                  98,            0.030045,            0.015761,                   0,             0.90074,              0.7667,             0.88474,             0.55536,            0.034903,            0.026382,                   0,            0.006799,            0.006799,            0.006799
                  99,            0.030308,            0.015583,                   0,             0.89159,             0.77106,             0.88149,             0.55287,             0.03477,            0.026576,                   0,            0.006766,            0.006766,            0.006766
                 100,            0.030328,            0.015527,                   0,              0.8975,             0.75983,             0.87996,             0.55286,            0.034983,            0.026855,                   0,            0.006733,            0.006733,            0.006733
                 101,            0.030389,            0.015807,                   0,             0.88821,             0.77459,             0.88541,             0.55713,             0.03463,            0.026449,                   0,              0.0067,              0.0067,              0.0067
                 102,            0.030265,            0.015585,                   0,             0.89553,                0.77,             0.88443,             0.55527,            0.034595,            0.026525,                   0,            0.006667,            0.006667,            0.006667
                 103,            0.030104,            0.015635,                   0,             0.90158,             0.76167,              0.8852,             0.55772,            0.034566,             0.02652,                   0,            0.006634,            0.006634,            0.006634
                 104,            0.030094,            0.015624,                   0,             0.86753,             0.78298,             0.88186,             0.55535,            0.034572,            0.026753,                   0,            0.006601,            0.006601,            0.006601
                 105,            0.030136,            0.015839,                   0,             0.89953,             0.76171,             0.88059,             0.55327,            0.034658,            0.026817,                   0,            0.006568,            0.006568,            0.006568
                 106,            0.029713,            0.015559,                   0,             0.89861,             0.75979,             0.87981,             0.55543,            0.034625,            0.027194,                   0,            0.006535,            0.006535,            0.006535
                 107,            0.029881,            0.015525,                   0,              0.8821,              0.7761,             0.88309,             0.55556,            0.034455,            0.026904,                   0,            0.006502,            0.006502,            0.006502
                 108,            0.030114,             0.01568,                   0,              0.8835,             0.77885,             0.88437,             0.55641,            0.034413,            0.026725,                   0,            0.006469,            0.006469,            0.006469
                 109,            0.029879,            0.015509,                   0,             0.89082,                0.77,             0.88433,              0.5561,            0.034488,            0.026917,                   0,            0.006436,            0.006436,            0.006436
                 110,            0.030046,            0.015426,                   0,              0.8954,             0.77208,             0.88587,             0.55692,            0.034468,            0.026808,                   0,            0.006403,            0.006403,            0.006403
                 111,            0.029673,            0.015462,                   0,             0.88725,             0.77951,             0.88509,             0.55715,            0.034343,            0.026632,                   0,             0.00637,             0.00637,             0.00637
                 112,            0.029981,            0.015587,                   0,             0.89619,             0.76495,             0.88143,             0.55586,            0.034455,            0.026913,                   0,            0.006337,            0.006337,            0.006337
                 113,            0.029501,             0.01525,                   0,             0.89623,             0.76484,             0.88084,             0.55743,            0.034447,            0.027014,                   0,            0.006304,            0.006304,            0.006304
                 114,              0.0296,            0.015572,                   0,             0.90147,             0.76356,             0.88074,             0.55735,            0.034405,            0.026991,                   0,            0.006271,            0.006271,            0.006271
                 115,            0.029725,            0.015509,                   0,             0.89848,             0.76299,             0.88217,             0.55794,            0.034332,            0.027021,                   0,            0.006238,            0.006238,            0.006238
                 116,            0.029552,            0.015383,                   0,             0.86814,             0.78965,             0.88584,             0.55997,            0.034295,            0.026787,                   0,            0.006205,            0.006205,            0.006205
                 117,            0.029251,            0.015187,                   0,             0.88256,             0.77406,             0.88216,             0.55747,            0.034512,            0.027304,                   0,            0.006172,            0.006172,            0.006172
                 118,            0.029208,            0.015318,                   0,             0.89911,             0.76659,             0.88238,             0.55679,             0.03437,            0.027195,                   0,            0.006139,            0.006139,            0.006139
                 119,            0.029365,            0.015294,                   0,             0.89796,             0.76864,              0.8831,               0.558,            0.034119,            0.027121,                   0,            0.006106,            0.006106,            0.006106
                 120,             0.02943,            0.015161,                   0,             0.89305,             0.77442,             0.88402,             0.55965,            0.034145,            0.027121,                   0,            0.006073,            0.006073,            0.006073
                 121,            0.029639,            0.015276,                   0,             0.89264,             0.77587,             0.88425,             0.55903,             0.03424,            0.027047,                   0,             0.00604,             0.00604,             0.00604
                 122,            0.029248,            0.015171,                   0,             0.90094,              0.7689,             0.88445,             0.55967,            0.034232,            0.027069,                   0,            0.006007,            0.006007,            0.006007
                 123,            0.029269,            0.015506,                   0,             0.88808,             0.77637,              0.8853,             0.56052,            0.034164,            0.026958,                   0,            0.005974,            0.005974,            0.005974
                 124,            0.029117,            0.015157,                   0,             0.89177,             0.77277,             0.88391,             0.55967,            0.034217,            0.027076,                   0,            0.005941,            0.005941,            0.005941
                 125,            0.029184,            0.015402,                   0,              0.8965,             0.77174,             0.88494,             0.56009,            0.034221,            0.027021,                   0,            0.005908,            0.005908,            0.005908
                 126,            0.029135,            0.015054,                   0,             0.89342,             0.77369,              0.8844,             0.55944,            0.034226,            0.027054,                   0,            0.005875,            0.005875,            0.005875
                 127,            0.029382,            0.015217,                   0,             0.89182,             0.77397,             0.88367,             0.55904,            0.034186,            0.027201,                   0,            0.005842,            0.005842,            0.005842
                 128,            0.029183,            0.015128,                   0,             0.89531,             0.76852,             0.88402,             0.56004,            0.034073,            0.027116,                   0,            0.005809,            0.005809,            0.005809
                 129,            0.029083,            0.015327,                   0,             0.89765,              0.7695,             0.88489,             0.56107,            0.033996,            0.027152,                   0,            0.005776,            0.005776,            0.005776
                 130,             0.02941,            0.015119,                   0,             0.90203,             0.76495,             0.88383,              0.5602,            0.034035,            0.027213,                   0,            0.005743,            0.005743,            0.005743
                 131,            0.029079,            0.015173,                   0,             0.89837,               0.766,             0.88248,             0.56026,            0.034023,            0.027291,                   0,             0.00571,             0.00571,             0.00571
                 132,            0.029115,            0.015282,                   0,             0.90189,             0.76742,              0.8842,              0.5609,            0.034086,            0.027176,                   0,            0.005677,            0.005677,            0.005677
                 133,            0.028865,            0.015156,                   0,             0.89997,             0.76894,             0.88448,             0.56066,            0.034035,            0.027144,                   0,            0.005644,            0.005644,            0.005644
                 134,            0.028877,            0.015074,                   0,              0.8979,             0.77052,             0.88451,              0.5605,            0.033989,            0.027117,                   0,            0.005611,            0.005611,            0.005611
                 135,            0.029106,            0.014952,                   0,             0.89348,             0.77174,             0.88434,             0.56049,            0.033999,            0.027222,                   0,            0.005578,            0.005578,            0.005578
                 136,            0.028917,            0.015043,                   0,             0.88924,              0.7727,             0.88321,              0.5609,            0.033972,            0.027356,                   0,            0.005545,            0.005545,            0.005545
                 137,            0.028687,            0.015295,                   0,              0.8919,             0.77269,             0.88318,             0.56148,             0.03395,             0.02751,                   0,            0.005512,            0.005512,            0.005512
                 138,            0.029143,            0.015018,                   0,             0.88844,             0.77455,             0.88191,             0.55988,            0.033941,            0.027514,                   0,            0.005479,            0.005479,            0.005479
                 139,            0.028658,            0.014789,                   0,             0.89608,             0.76858,             0.88237,             0.56056,            0.033915,             0.02755,                   0,            0.005446,            0.005446,            0.005446
                 140,            0.028618,            0.014976,                   0,             0.89994,             0.76565,             0.88273,             0.56161,            0.033892,            0.027485,                   0,            0.005413,            0.005413,            0.005413
                 141,            0.028749,            0.014785,                   0,             0.90608,             0.76134,             0.88248,             0.56196,            0.033874,            0.027558,                   0,             0.00538,             0.00538,             0.00538
                 142,            0.028666,            0.014809,                   0,             0.90021,             0.76559,             0.88211,             0.56169,            0.033862,             0.02766,                   0,            0.005347,            0.005347,            0.005347
                 143,            0.028427,            0.014862,                   0,             0.90513,             0.75896,             0.88033,              0.5602,            0.033952,            0.027762,                   0,            0.005314,            0.005314,            0.005314
                 144,            0.028566,            0.014714,                   0,              0.9006,             0.76566,             0.88214,             0.56168,            0.033977,              0.0276,                   0,            0.005281,            0.005281,            0.005281
                 145,            0.028457,            0.015064,                   0,             0.90336,             0.76524,             0.88297,             0.56225,            0.033955,            0.027437,                   0,            0.005248,            0.005248,            0.005248
                 146,            0.028465,            0.014949,                   0,             0.89934,             0.76891,             0.88403,             0.56249,            0.033946,             0.02733,                   0,            0.005215,            0.005215,            0.005215
                 147,            0.028292,            0.014799,                   0,             0.90611,             0.76379,             0.88466,             0.56282,            0.033953,            0.027231,                   0,            0.005182,            0.005182,            0.005182
                 148,            0.028306,            0.014919,                   0,             0.89907,              0.7684,             0.88418,             0.56259,            0.033903,            0.027225,                   0,            0.005149,            0.005149,            0.005149
                 149,            0.028735,            0.014923,                   0,             0.89938,             0.76976,             0.88423,             0.56298,            0.033903,            0.027231,                   0,            0.005116,            0.005116,            0.005116
                 150,             0.02818,            0.014695,                   0,             0.89682,             0.77041,             0.88333,             0.56292,            0.033958,            0.027326,                   0,            0.005083,            0.005083,            0.005083
                 151,            0.028159,            0.014681,                   0,             0.90116,             0.76805,             0.88414,             0.56312,            0.033936,            0.027271,                   0,             0.00505,             0.00505,             0.00505
                 152,            0.028134,            0.014918,                   0,             0.90133,             0.76924,             0.88383,             0.56301,             0.03393,            0.027303,                   0,            0.005017,            0.005017,            0.005017
                 153,            0.028189,             0.01488,                   0,             0.90272,             0.76692,             0.88296,             0.56258,            0.033929,            0.027383,                   0,            0.004984,            0.004984,            0.004984
                 154,            0.028012,            0.014909,                   0,             0.90264,             0.76765,             0.88292,             0.56275,            0.033932,            0.027427,                   0,            0.004951,            0.004951,            0.004951
                 155,             0.02832,            0.014697,                   0,             0.90715,             0.76402,               0.883,             0.56278,            0.033901,            0.027443,                   0,            0.004918,            0.004918,            0.004918
                 156,             0.02827,            0.014764,                   0,             0.90104,             0.76834,             0.88336,             0.56346,            0.033858,            0.027444,                   0,            0.004885,            0.004885,            0.004885
                 157,            0.027826,            0.014878,                   0,             0.90932,             0.76231,             0.88321,             0.56311,            0.033869,            0.027471,                   0,            0.004852,            0.004852,            0.004852
                 158,            0.027733,            0.014562,                   0,             0.91216,             0.75952,             0.88237,              0.5633,            0.033861,            0.027542,                   0,            0.004819,            0.004819,            0.004819
                 159,            0.028344,            0.014816,                   0,             0.89098,             0.77269,             0.88156,             0.56236,            0.033871,            0.027638,                   0,            0.004786,            0.004786,            0.004786
                 160,            0.027925,            0.014641,                   0,              0.9038,             0.76405,             0.88158,             0.56225,            0.033861,            0.027673,                   0,            0.004753,            0.004753,            0.004753
                 161,            0.027818,            0.014563,                   0,             0.90334,             0.76498,             0.88157,             0.56237,            0.033865,            0.027664,                   0,             0.00472,             0.00472,             0.00472
                 162,            0.027992,             0.01473,                   0,             0.89641,             0.77128,             0.88168,             0.56219,            0.033858,            0.027672,                   0,            0.004687,            0.004687,            0.004687
                 163,            0.027628,             0.01472,                   0,              0.9023,             0.76768,             0.88218,             0.56219,            0.033849,            0.027611,                   0,            0.004654,            0.004654,            0.004654
                 164,            0.027886,            0.014538,                   0,             0.89822,             0.77142,             0.88279,             0.56281,            0.033811,            0.027561,                   0,            0.004621,            0.004621,            0.004621
                 165,            0.027677,            0.014619,                   0,             0.90456,             0.76725,             0.88332,             0.56314,            0.033796,            0.027571,                   0,            0.004588,            0.004588,            0.004588
                 166,            0.027878,            0.014606,                   0,             0.89994,             0.77079,             0.88249,             0.56307,            0.033806,             0.02765,                   0,            0.004555,            0.004555,            0.004555
                 167,            0.027825,             0.01468,                   0,             0.89809,             0.77274,             0.88287,              0.5636,            0.033822,            0.027645,                   0,            0.004522,            0.004522,            0.004522
                 168,            0.027997,            0.014598,                   0,             0.89326,             0.77561,             0.88251,             0.56333,            0.033822,            0.027674,                   0,            0.004489,            0.004489,            0.004489
                 169,             0.02777,            0.014823,                   0,             0.90215,             0.76831,             0.88241,             0.56372,            0.033799,             0.02767,                   0,            0.004456,            0.004456,            0.004456
                 170,            0.027636,            0.014278,                   0,             0.88753,             0.77943,             0.88225,             0.56368,            0.033794,            0.027704,                   0,            0.004423,            0.004423,            0.004423
                 171,            0.027311,            0.014395,                   0,             0.89713,             0.77179,             0.88181,              0.5636,            0.033798,            0.027756,                   0,             0.00439,             0.00439,             0.00439
                 172,            0.027613,            0.014426,                   0,             0.88833,             0.77729,             0.88161,             0.56354,            0.033782,              0.0278,                   0,            0.004357,            0.004357,            0.004357
                 173,            0.027426,            0.014473,                   0,             0.88848,             0.77756,             0.88152,              0.5637,            0.033766,            0.027816,                   0,            0.004324,            0.004324,            0.004324
                 174,            0.027368,            0.014326,                   0,             0.89942,              0.7694,             0.88166,             0.56362,            0.033756,            0.027831,                   0,            0.004291,            0.004291,            0.004291
                 175,            0.027381,            0.014497,                   0,             0.90336,             0.76554,             0.88131,             0.56366,            0.033751,            0.027871,                   0,            0.004258,            0.004258,            0.004258
                 176,             0.02723,            0.014381,                   0,             0.89329,             0.77168,             0.88057,             0.56333,            0.033756,            0.027938,                   0,            0.004225,            0.004225,            0.004225
                 177,            0.027518,            0.014537,                   0,             0.90579,             0.76197,             0.88056,             0.56318,             0.03376,            0.027969,                   0,            0.004192,            0.004192,            0.004192
                 178,            0.027563,            0.014491,                   0,             0.88313,             0.77825,             0.88067,             0.56314,            0.033749,            0.027974,                   0,            0.004159,            0.004159,            0.004159
                 179,            0.027394,            0.014512,                   0,             0.89045,             0.77217,             0.88036,             0.56307,            0.033745,            0.028018,                   0,            0.004126,            0.004126,            0.004126
                 180,            0.027501,            0.014379,                   0,             0.89324,             0.77026,             0.88037,             0.56326,            0.033749,            0.028013,                   0,            0.004093,            0.004093,            0.004093
                 181,            0.027385,            0.014198,                   0,             0.90021,             0.76547,             0.88005,             0.56309,            0.033754,            0.028039,                   0,             0.00406,             0.00406,             0.00406
                 182,            0.027261,            0.014376,                   0,             0.89827,             0.76696,             0.87947,             0.56258,            0.033765,             0.02809,                   0,            0.004027,            0.004027,            0.004027
                 183,            0.027011,            0.014259,                   0,             0.89864,              0.7663,             0.87942,             0.56229,            0.033776,            0.028126,                   0,            0.003994,            0.003994,            0.003994
                 184,            0.027102,            0.014374,                   0,             0.89905,             0.76643,             0.87968,             0.56201,            0.033797,            0.028126,                   0,            0.003961,            0.003961,            0.003961
                 185,            0.027207,            0.014344,                   0,             0.90438,             0.76273,             0.87942,             0.56188,            0.033808,             0.02816,                   0,            0.003928,            0.003928,            0.003928
                 186,            0.027282,            0.014169,                   0,             0.90331,             0.76387,             0.87953,             0.56196,            0.033808,             0.02816,                   0,            0.003895,            0.003895,            0.003895
                 187,            0.027184,            0.014315,                   0,              0.9032,             0.76478,             0.87978,             0.56227,            0.033801,            0.028122,                   0,            0.003862,            0.003862,            0.003862
                 188,            0.027174,            0.014303,                   0,             0.89781,             0.76874,             0.87993,             0.56247,            0.033805,            0.028106,                   0,            0.003829,            0.003829,            0.003829
                 189,            0.027204,            0.014369,                   0,              0.9037,             0.76422,             0.87986,              0.5623,            0.033799,            0.028113,                   0,            0.003796,            0.003796,            0.003796
                 190,            0.027169,            0.014261,                   0,             0.90533,             0.76269,             0.87961,             0.56216,            0.033799,            0.028134,                   0,            0.003763,            0.003763,            0.003763
                 191,            0.027032,            0.014135,                   0,             0.90607,               0.761,             0.87925,             0.56219,              0.0338,            0.028148,                   0,             0.00373,             0.00373,             0.00373
                 192,             0.02725,            0.014205,                   0,              0.8966,             0.76854,             0.87929,             0.56225,            0.033798,            0.028174,                   0,            0.003697,            0.003697,            0.003697
                 193,            0.026717,            0.014239,                   0,              0.8963,             0.76894,              0.8791,             0.56219,            0.033806,            0.028183,                   0,            0.003664,            0.003664,            0.003664
                 194,            0.026942,            0.013997,                   0,             0.89563,             0.76936,             0.87875,             0.56205,            0.033817,            0.028197,                   0,            0.003631,            0.003631,            0.003631
                 195,            0.026951,            0.014205,                   0,             0.89567,              0.7698,             0.87888,             0.56201,            0.033821,            0.028183,                   0,            0.003598,            0.003598,            0.003598
                 196,            0.026975,            0.014056,                   0,             0.89727,              0.7684,             0.87909,             0.56238,            0.033816,            0.028176,                   0,            0.003565,            0.003565,            0.003565
                 197,            0.026751,            0.013969,                   0,             0.89679,             0.76924,             0.87929,             0.56225,            0.033807,             0.02817,                   0,            0.003532,            0.003532,            0.003532
                 198,            0.026726,            0.013876,                   0,             0.90582,             0.76287,             0.87923,             0.56261,            0.033801,            0.028174,                   0,            0.003499,            0.003499,            0.003499
                 199,            0.026877,            0.013909,                   0,             0.90615,             0.76265,             0.87933,              0.5628,            0.033796,            0.028191,                   0,            0.003466,            0.003466,            0.003466
                 200,            0.026813,             0.01406,                   0,             0.90497,             0.76358,             0.87928,              0.5626,            0.033787,            0.028192,                   0,            0.003433,            0.003433,            0.003433
                 201,            0.026299,            0.014059,                   0,             0.90997,             0.76001,             0.87929,             0.56232,            0.033787,            0.028207,                   0,              0.0034,              0.0034,              0.0034
                 202,            0.026808,            0.013964,                   0,             0.90449,             0.76389,             0.87934,              0.5625,            0.033785,            0.028211,                   0,            0.003367,            0.003367,            0.003367
                 203,            0.026662,            0.013921,                   0,             0.90971,             0.76009,             0.87941,             0.56248,            0.033785,            0.028221,                   0,            0.003334,            0.003334,            0.003334
                 204,            0.026556,            0.013977,                   0,             0.91071,             0.75949,             0.87946,             0.56252,             0.03379,             0.02822,                   0,            0.003301,            0.003301,            0.003301
                 205,            0.026391,            0.013857,                   0,             0.90643,             0.76203,              0.8794,             0.56246,            0.033794,            0.028236,                   0,            0.003268,            0.003268,            0.003268
                 206,            0.026561,            0.013994,                   0,             0.90322,             0.76398,              0.8792,             0.56224,            0.033799,            0.028248,                   0,            0.003235,            0.003235,            0.003235
                 207,            0.026498,            0.013997,                   0,             0.90409,             0.76387,             0.87918,             0.56216,            0.033802,            0.028274,                   0,            0.003202,            0.003202,            0.003202
                 208,            0.026308,            0.013985,                   0,             0.90387,             0.76389,              0.8791,             0.56216,            0.033804,            0.028286,                   0,            0.003169,            0.003169,            0.003169
                 209,            0.026152,            0.013998,                   0,             0.90336,             0.76403,             0.87893,             0.56227,            0.033801,            0.028307,                   0,            0.003136,            0.003136,            0.003136
                 210,            0.026431,            0.013873,                   0,             0.90602,             0.76216,             0.87878,             0.56232,            0.033796,            0.028316,                   0,            0.003103,            0.003103,            0.003103
                 211,            0.026428,            0.013801,                   0,             0.90375,             0.76408,             0.87875,             0.56205,            0.033791,            0.028318,                   0,             0.00307,             0.00307,             0.00307
                 212,            0.026214,            0.013517,                   0,             0.90553,             0.76313,             0.87885,              0.5623,            0.033786,            0.028312,                   0,            0.003037,            0.003037,            0.003037
                 213,            0.026108,             0.01373,                   0,             0.90549,             0.76346,              0.8787,             0.56214,            0.033783,            0.028334,                   0,            0.003004,            0.003004,            0.003004
                 214,            0.026073,            0.013931,                   0,             0.90525,             0.76323,             0.87872,             0.56193,            0.033781,            0.028359,                   0,            0.002971,            0.002971,            0.002971
                 215,            0.026295,            0.013918,                   0,             0.90465,             0.76392,              0.8787,             0.56215,            0.033776,            0.028364,                   0,            0.002938,            0.002938,            0.002938
                 216,            0.026018,            0.013681,                   0,             0.90585,             0.76316,             0.87865,              0.5621,            0.033774,            0.028385,                   0,            0.002905,            0.002905,            0.002905
                 217,            0.026304,            0.013939,                   0,             0.90621,             0.76255,             0.87846,             0.56204,            0.033773,            0.028396,                   0,            0.002872,            0.002872,            0.002872
                 218,            0.026018,            0.013751,                   0,             0.90359,             0.76455,             0.87862,             0.56194,            0.033768,            0.028408,                   0,            0.002839,            0.002839,            0.002839
                 219,            0.026171,            0.013749,                   0,             0.90526,             0.76309,             0.87864,             0.56201,            0.033764,            0.028414,                   0,            0.002806,            0.002806,            0.002806
                 220,            0.026023,             0.01361,                   0,             0.90565,             0.76295,             0.87856,             0.56205,            0.033762,             0.02842,                   0,            0.002773,            0.002773,            0.002773
                 221,            0.025847,            0.013766,                   0,             0.90542,             0.76316,             0.87864,             0.56207,             0.03376,            0.028426,                   0,             0.00274,             0.00274,             0.00274
                 222,            0.025947,            0.013175,                   0,             0.91158,              0.7587,              0.8787,             0.56204,             0.03376,            0.028436,                   0,            0.002707,            0.002707,            0.002707
                 223,            0.025776,            0.013789,                   0,              0.9048,             0.76379,             0.87881,              0.5621,            0.033759,            0.028444,                   0,            0.002674,            0.002674,            0.002674
                 224,            0.025899,            0.013782,                   0,             0.91158,             0.75918,              0.8788,             0.56212,            0.033756,            0.028444,                   0,            0.002641,            0.002641,            0.002641
                 225,            0.025945,            0.013685,                   0,              0.9085,              0.7613,              0.8788,             0.56214,            0.033756,            0.028452,                   0,            0.002608,            0.002608,            0.002608
                 226,            0.025535,            0.013822,                   0,             0.91224,             0.75837,             0.87847,             0.56214,            0.033754,            0.028468,                   0,            0.002575,            0.002575,            0.002575
                 227,            0.025461,            0.013408,                   0,             0.90725,             0.76196,             0.87853,             0.56214,            0.033756,            0.028473,                   0,            0.002542,            0.002542,            0.002542
                 228,            0.025674,            0.013654,                   0,             0.91486,             0.75688,             0.87843,             0.56218,            0.033758,            0.028488,                   0,            0.002509,            0.002509,            0.002509
                 229,            0.025525,            0.013648,                   0,             0.91439,             0.75724,             0.87839,             0.56201,            0.033761,            0.028496,                   0,            0.002476,            0.002476,            0.002476
                 230,            0.025572,              0.0135,                   0,             0.91404,             0.75715,             0.87812,             0.56196,            0.033762,            0.028511,                   0,            0.002443,            0.002443,            0.002443
                 231,            0.025706,            0.013562,                   0,             0.91343,             0.75741,             0.87794,             0.56194,            0.033766,            0.028531,                   0,             0.00241,             0.00241,             0.00241
                 232,            0.025661,            0.013604,                   0,             0.90932,             0.76027,             0.87801,             0.56192,            0.033767,            0.028539,                   0,            0.002377,            0.002377,            0.002377
                 233,             0.02542,            0.013376,                   0,             0.90855,             0.76091,             0.87805,             0.56178,            0.033771,            0.028549,                   0,            0.002344,            0.002344,            0.002344
                 234,            0.025458,            0.013412,                   0,             0.90557,             0.76294,               0.878,             0.56186,            0.033774,            0.028561,                   0,            0.002311,            0.002311,            0.002311
                 235,            0.025434,            0.013598,                   0,             0.90394,             0.76415,             0.87811,             0.56199,            0.033775,            0.028566,                   0,            0.002278,            0.002278,            0.002278
                 236,            0.025352,            0.013332,                   0,             0.90256,             0.76511,             0.87802,             0.56183,            0.033776,            0.028576,                   0,            0.002245,            0.002245,            0.002245
                 237,            0.025555,             0.01348,                   0,             0.90288,             0.76475,             0.87785,             0.56181,            0.033776,             0.02859,                   0,            0.002212,            0.002212,            0.002212
                 238,             0.02506,             0.01315,                   0,               0.913,             0.75788,             0.87788,             0.56185,            0.033776,            0.028603,                   0,            0.002179,            0.002179,            0.002179
                 239,            0.025512,            0.013298,                   0,             0.90562,             0.76296,             0.87767,             0.56181,            0.033777,            0.028618,                   0,            0.002146,            0.002146,            0.002146
                 240,            0.025168,            0.013108,                   0,             0.90671,             0.76214,             0.87749,             0.56174,            0.033778,            0.028631,                   0,            0.002113,            0.002113,            0.002113
                 241,            0.025431,            0.013443,                   0,             0.90517,             0.76315,              0.8776,             0.56169,             0.03378,            0.028638,                   0,             0.00208,             0.00208,             0.00208
                 242,            0.025183,            0.013404,                   0,             0.91179,             0.75846,             0.87745,              0.5616,            0.033782,            0.028645,                   0,            0.002047,            0.002047,            0.002047
                 243,             0.02536,             0.01339,                   0,             0.91439,              0.7573,             0.87772,             0.56169,            0.033784,            0.028647,                   0,            0.002014,            0.002014,            0.002014
                 244,            0.024925,            0.013497,                   0,              0.9144,             0.75733,              0.8776,             0.56157,            0.033787,             0.02866,                   0,            0.001981,            0.001981,            0.001981
                 245,            0.025357,            0.013548,                   0,               0.915,             0.75708,             0.87749,             0.56155,            0.033789,            0.028663,                   0,            0.001948,            0.001948,            0.001948
                 246,            0.025085,            0.013356,                   0,             0.91638,             0.75636,             0.87764,              0.5616,            0.033791,            0.028667,                   0,            0.001915,            0.001915,            0.001915
                 247,            0.025001,            0.013196,                   0,             0.91671,             0.75639,             0.87772,             0.56158,            0.033795,            0.028676,                   0,            0.001882,            0.001882,            0.001882
                 248,            0.025031,            0.013494,                   0,             0.91632,              0.7565,             0.87769,             0.56158,            0.033799,            0.028689,                   0,            0.001849,            0.001849,            0.001849
                 249,            0.025127,            0.013291,                   0,             0.91457,             0.75792,             0.87772,             0.56167,            0.033802,            0.028697,                   0,            0.001816,            0.001816,            0.001816
                 250,            0.025139,            0.013197,                   0,             0.90755,              0.7625,             0.87752,             0.56161,            0.033808,            0.028712,                   0,            0.001783,            0.001783,            0.001783
                 251,            0.024781,            0.012974,                   0,             0.91345,             0.75854,             0.87755,             0.56155,            0.033812,            0.028724,                   0,             0.00175,             0.00175,             0.00175
                 252,            0.024915,            0.013302,                   0,             0.91304,              0.7588,             0.87754,             0.56146,            0.033819,            0.028741,                   0,            0.001717,            0.001717,            0.001717
                 253,            0.024623,            0.013185,                   0,             0.91325,             0.75864,             0.87721,             0.56132,            0.033827,            0.028766,                   0,            0.001684,            0.001684,            0.001684
                 254,            0.024787,            0.013071,                   0,             0.91351,             0.75801,              0.8772,              0.5613,            0.033832,            0.028783,                   0,            0.001651,            0.001651,            0.001651
                 255,            0.024698,            0.012963,                   0,             0.91203,             0.75905,               0.877,              0.5612,            0.033836,              0.0288,                   0,            0.001618,            0.001618,            0.001618
                 256,            0.024771,            0.013172,                   0,             0.91842,             0.75474,             0.87694,             0.56107,             0.03384,            0.028814,                   0,            0.001585,            0.001585,            0.001585
                 257,            0.024471,            0.012939,                   0,             0.91812,             0.75467,             0.87679,             0.56112,            0.033845,             0.02883,                   0,            0.001552,            0.001552,            0.001552
                 258,            0.024506,            0.012903,                   0,              0.9118,             0.75892,             0.87671,             0.56106,             0.03385,            0.028843,                   0,            0.001519,            0.001519,            0.001519
                 259,            0.024327,            0.012916,                   0,               0.919,             0.75384,             0.87651,             0.56084,            0.033854,            0.028863,                   0,            0.001486,            0.001486,            0.001486
                 260,            0.024484,            0.013056,                   0,              0.9189,             0.75394,             0.87656,             0.56071,            0.033858,             0.02888,                   0,            0.001453,            0.001453,            0.001453
                 261,            0.024364,             0.01286,                   0,             0.91907,             0.75378,             0.87649,             0.56059,            0.033863,            0.028894,                   0,             0.00142,             0.00142,             0.00142
                 262,            0.024345,            0.012955,                   0,             0.91897,             0.75418,             0.87639,             0.56053,            0.033868,             0.02891,                   0,            0.001387,            0.001387,            0.001387
                 263,            0.024361,            0.012956,                   0,             0.91843,             0.75438,             0.87649,             0.56038,            0.033872,            0.028923,                   0,            0.001354,            0.001354,            0.001354
                 264,            0.024215,            0.012912,                   0,             0.91889,             0.75408,             0.87642,             0.56029,            0.033878,            0.028938,                   0,            0.001321,            0.001321,            0.001321
                 265,            0.024402,            0.012919,                   0,             0.92044,             0.75279,             0.87634,             0.56018,            0.033882,            0.028952,                   0,            0.001288,            0.001288,            0.001288
                 266,            0.024267,            0.013042,                   0,             0.91835,             0.75418,             0.87619,             0.56003,            0.033886,            0.028969,                   0,            0.001255,            0.001255,            0.001255
                 267,            0.024171,            0.012698,                   0,             0.91854,             0.75391,             0.87603,             0.55989,             0.03389,            0.028983,                   0,            0.001222,            0.001222,            0.001222
                 268,            0.023963,            0.012794,                   0,             0.91439,             0.75656,             0.87585,             0.55978,            0.033895,            0.028997,                   0,            0.001189,            0.001189,            0.001189
                 269,            0.023959,            0.012774,                   0,             0.91865,             0.75363,              0.8758,             0.55975,              0.0339,            0.029012,                   0,            0.001156,            0.001156,            0.001156
